{"count":1,"self":7654.2042112,"total":10039.500860799999,"children":{"AgentSendState":{"count":559167,"self":131.2095488,"total":782.1517563,"children":{"CollectObservations":{"count":1789392,"self":35.6363872,"total":35.636387,"children":null},"CollectDiscreteActionMasks":{"count":1789392,"self":18.214996799999998,"total":18.214997399999998,"children":null},"AgentInfo.ToProto":{"count":1789392,"self":50.865091199999995,"total":597.090823,"children":{"GenerateSensorData":{"count":1789392,"self":179.4940288,"total":546.22573249999994,"children":{"RayPerceptionSensor.Perceive":{"count":5368176,"self":366.7316992,"total":366.7317038,"children":null}}}}}}},"DecideAction":{"count":559167,"self":1515.6739072,"total":1515.6739433999999,"children":null},"AgentAct":{"count":559167,"self":74.43492479999999,"total":75.071169,"children":{"AgentInfo.ToProto":{"count":2141,"self":0.0895315,"total":0.6362437,"children":{"GenerateSensorData":{"count":2141,"self":0.163075,"total":0.5467122,"children":{"RayPerceptionSensor.Perceive":{"count":6423,"self":0.38363719999999996,"total":0.38363719999999996,"children":null}}}}}}},"AgentInfo.ToProto":{"count":29885,"self":1.4796949,"total":12.3986745,"children":{"GenerateSensorData":{"count":29885,"self":3.5699288,"total":10.9189796,"children":{"RayPerceptionSensor.Perceive":{"count":89655,"self":7.3490503999999994,"total":7.3490506999999994,"children":null}}}}}},"gauges":{"AircraftLearning.CumulativeReward":{"count":32026,"max":29.2109871,"min":-4.02140331,"runningAverage":-0.617707253,"value":10.3613052,"weightedAverage":9.200194}},"metadata":{"timer_format_version":"0.1.0","start_time_seconds":"1602286688","unity_version":"2019.4.11f1","command_line_arguments":"C:\\Program Files\\Unity\\Hub\\Editor\\2019.4.11f1\\Editor\\Unity.exe -projectpath C:\/Users\/akshayg\/Documents\/Projects\/Aircraft-MLA -useHub -hubIPC -cloudEnvironment production -hubSessionId 655a95f0-0a7c-11eb-94bd-d9c7db71693f","communication_protocol_version":"1.0.0","com.unity.ml-agents_version":"1.0.5","scene_name":"Training","end_time_seconds":"1602296727"}}